,GEM,Cholesky
2,4.44089209850063e-16,2.22044604925031e-16
3,6.51330841113425e-15,4.73695157173400e-15
4,-8.72952503933837e-14,-8.66862137627322e-14
5,3.66843063862429e-13,-2.51807322788481e-12
6,1.86702209248324e-10,-1.79028060614141e-12
7,6.14563029038046e-9,1.35239426007112e-9
8,-1.98951780863168e-8,-4.47140785234744e-8
9,-2.87910455529576e-6,-3.98234800962092e-6
10,-8.32347897425841e-5,-0.000157734346871478
11,-0.00201528738811147,-0.00378353196020243
